employee_id,first_name,last_name,date_of_birth,gender,hire_date,department_id,position_id,salary,manager
1,Taylor,Ross,05/10/1997,F,30/03/2016,4,4,14720,0
2,Adeline,Anderson,09/06/1985,F,20/07/1999,6,24,20449,0
3,Jose,Richardson,22/02/1974,M,30/09/2007,8,3,36911,0
4,Emmanuel,Ruiz,27/06/1980,M,07/04/1999,2,22,34487,0
5,Jordyn,Flores,31/08/1987,F,31/03/1999,1,21,26261,0
6,Jace,Gonzales,08/04/1967,M,06/12/2016,4,9,40964,1
7,Hunter,Long,11/11/1964,M,09/01/1999,4,21,47817,1
8,Anna,Cruz,15/02/1986,F,08/04/2000,6,18,39349,0
9,Paul,Sanchez,09/06/1970,M,10/01/2001,5,2,28628,0
10,Emma,Edwards,16/04/1990,F,26/02/2005,8,7,38892,0
11,Levi,Bailey,09/06/1964,M,30/04/2011,7,16,41044,1
12,Anthony,Price,21/03/1997,M,08/06/2017,4,14,26561,0
13,Sebastian,Scott,14/08/1962,M,29/06/2012,8,24,22367,0
14,Liam,Adams,06/08/1996,M,30/11/2012,4,13,21749,0
15,Clara,Baker,15/06/1981,F,23/02/2016,1,1,31924,0
16,Adalynn,Gonzales,10/11/1968,F,23/04/2001,5,7,17395,0
17,Jude,Williams,01/10/1989,M,01/03/2010,1,12,32860,0
18,Harper,Mendoza,20/08/1996,F,18/03/2012,6,12,45337,1
19,Jaxon,Morales,18/05/1993,M,28/08/2008,8,8,24328,0
20,Jude,Rodriguez,24/01/1966,M,02/10/2005,7,8,27966,0
21,Eleanor,Mendoza,13/07/1998,F,09/04/2009,8,4,17367,0
22,Matthew,King,02/10/1996,M,21/06/2011,3,15,39517,0
23,Edward,Flores,17/08/1983,M,11/11/2008,5,16,18261,0
24,Paisley,Hughes,06/10/1997,F,04/08/2011,7,5,36875,0
25,Chase,Lopez,20/06/1965,M,18/09/2007,6,22,35167,0
26,Brooklyn,Garcia,29/11/1961,F,31/03/2006,6,10,49671,1
27,Adrian,Patel,10/02/1986,M,09/10/2008,8,12,21324,0
28,Edward,Hughes,09/02/1965,M,30/05/2019,3,18,38942,0
29,Jennifer,Wilson,15/11/1963,F,02/05/1999,3,8,40800,1
30,Brooklynn,Kelly,27/03/1981,F,12/11/2014,5,1,20622,0
31,Charlotte,Miller,10/05/1991,F,05/02/2011,4,9,35501,0
32,Cayden,Hall,14/03/1981,M,18/10/2010,2,5,14472,0
33,Josephine,Hill,22/12/1977,F,14/04/2019,6,7,17863,0
34,Ezekiel,Martinez,26/04/1986,M,26/03/2004,6,23,45604,1
35,Emily,Harris,09/02/1967,F,22/01/2012,1,23,45949,1
36,Carter,Wilson,26/01/1992,M,27/06/2019,8,4,40341,1
37,Kinsley,Ramirez,31/08/1992,F,23/01/2000,5,10,33477,0
38,Vincent,Wright,21/03/1989,M,05/04/2003,7,3,40456,1
39,Camila,Wood,06/02/1988,F,06/07/2003,2,19,23306,0
40,Isabella,Ramirez,23/10/1971,F,19/10/2001,6,4,30127,0
41,Kendall,Cook,16/12/1976,F,16/11/2001,4,5,26411,0
42,Londyn,Sanchez,09/04/1997,F,05/03/2000,7,5,34815,0
43,Rose,Brines,21/09/1998,F,29/01/2012,3,4,18281,0
44,Bryan,Anderson,02/03/1996,M,09/09/2022,4,13,14642,0
45,Ariana,Long,08/08/1987,F,19/11/2023,5,7,26835,0
46,Nicholas,Thomas,07/07/1966,M,24/07/2023,6,23,30656,0
47,Aidan,Wright,07/01/1996,M,21/12/2016,1,8,33864,0
48,Aurora,Sanchez,07/02/1967,F,22/10/2000,2,5,32324,0
49,Izabella,White,16/01/1986,F,06/08/2016,5,6,39636,0
50,Harper,Edwards,09/11/1985,F,20/06/2020,1,23,45775,1
51,Maxwell,Reed,27/07/1976,M,14/01/2023,6,20,45610,1
52,Evelyn,Anderson,11/06/1997,F,14/06/2004,5,10,34919,0
53,Cayden,Lopez,18/03/1966,M,17/05/2011,7,7,38428,0
54,Wesley,Ramos,18/10/1967,M,22/09/2005,6,14,49626,1
55,Taylor,Reed,25/03/1993,F,03/02/2002,7,16,13049,0
56,Rose,Jones,01/05/1980,F,04/05/2006,5,24,44338,1
57,Carson,Jackson,04/02/1993,M,17/03/2023,3,6,45556,1
58,Oliver,Smith,03/03/1991,M,25/03/2010,7,9,35927,0
59,Kaitlyn,Ramirez,16/08/1978,F,02/06/2008,7,1,38938,0
60,Ellie,Miller,16/12/1993,F,24/12/2016,5,10,38007,0
61,Alexandra,Rodriguez,30/07/1995,F,22/09/2001,3,11,42007,1
62,Colton,Long,11/09/1978,M,24/11/2018,1,18,28234,0
63,Angelina,Lewis,31/05/1982,F,20/12/2005,6,20,16201,0
64,Lincoln,Gonzales,02/08/1983,M,28/08/2022,6,15,13810,0
65,Sean,Ruiz,11/09/1984,M,03/07/2004,6,18,46802,1
66,Jeremy,Price,18/08/1981,M,13/07/2016,2,21,35686,0
67,Angel,Garcia,20/07/1993,M,17/04/2004,1,16,49396,1
68,Katherine,Edwards,22/09/1963,F,19/12/2011,3,9,20356,0
69,Taylor,Foster,27/10/1982,F,14/11/2012,8,9,34774,0
70,Autumn,Cruz,07/09/1998,F,09/07/2009,6,3,40144,1
71,Kinsley,Martinez,17/05/1982,F,04/01/2009,3,10,13383,0
72,Christian,Ruiz,25/11/1978,M,26/08/2018,7,13,15413,0
73,William,Jimenez,18/06/1966,M,26/03/2016,1,24,29878,0
74,Camden,Ramos,07/05/1979,M,03/01/2007,6,10,34788,0
75,Brantley,Cruz,12/03/1983,M,16/06/2000,1,9,16753,0
76,Lucy,Lopez,21/05/1980,F,12/10/2005,7,6,22582,0
77,Malachi,Long,21/09/1977,M,05/10/2022,2,2,30953,0
78,Isla,Watson,15/01/1986,F,08/08/2012,2,8,48322,1
79,Mackenzie,Gray,23/09/1981,F,24/07/2002,4,4,13302,0
80,Liam,Cruz,22/03/1964,M,02/11/2005,2,17,26649,0
81,Connor,Howard,18/04/1977,M,20/04/2003,3,1,41685,1
82,Nathan,Edwards,25/06/1992,M,17/06/2004,1,24,23595,0
83,Brayden,Campbell,24/06/1965,M,25/11/2009,7,20,32368,0
84,Izabella,Williams,04/09/1960,F,20/08/1999,7,13,36521,0
85,Aaliyah,Harris,13/09/1968,F,12/07/2012,6,24,27168,0
86,Samantha,Adams,10/02/1983,F,15/06/2007,7,17,20550,0
87,Zachary,Kelly,23/11/1983,M,12/06/2008,6,23,35577,0
88,Gael,Collins,29/07/1992,M,05/11/2010,8,23,23799,0
89,Bailey,Reyes,23/10/1983,F,19/12/2011,5,7,46421,1
90,Madison,Cox,25/06/1988,F,12/04/2020,7,17,47843,1
91,Dylan,Robinson,28/04/1970,M,16/04/2005,4,8,30832,0
92,Dominic,Cooper,09/05/1970,M,04/10/2009,7,12,21534,0
93,Stella,Lopez,10/05/1974,F,14/01/2007,4,6,28675,0
94,Alexa,Baker,02/03/1978,F,16/12/2008,1,15,25264,0
95,Tucker,Ross,06/11/1971,M,10/10/2006,7,7,16056,0
96,Eliana,Moore,17/11/1960,F,01/11/2019,7,21,34544,0
97,Faith,Ramos,03/03/1967,F,19/03/2008,3,19,30361,0
98,Wyatt,Lee,19/06/1984,M,13/04/2002,7,24,37933,0
99,Brayden,Reyes,26/06/1996,M,12/05/2015,2,14,43524,1
100,Alexander,Clark,11/09/1965,M,24/11/1999,2,11,47226,1
101,Kyle,Bailey,03/10/1979,M,22/07/2010,3,1,38196,0
102,Rachel,Diaz,15/01/1965,F,29/12/2016,5,9,38119,0
103,Jude,Thomas,24/10/1965,M,22/10/2023,1,21,41255,1
104,Katelyn,Smith,02/01/1978,F,05/10/2010,4,10,39041,0
105,Madelyn,Gomez,07/08/1975,F,16/01/2007,6,1,45209,1
106,Emery,James,12/05/1964,F,04/03/2019,1,24,46178,1
107,Valentina,Carter,02/12/1966,F,04/04/1999,7,3,12873,0
108,Justin,James,30/12/1995,M,22/02/2023,5,4,33555,0
109,Mackenzie,Morris,21/10/1992,F,04/02/2007,1,16,25689,0
110,Lyla,Walker,04/12/1988,F,21/02/2007,6,18,33367,0
111,Reese,Perez,08/05/1983,F,11/05/2022,1,22,14522,0
112,Madison,Lewis,19/01/1967,F,07/10/2016,8,3,35210,0
113,Sarah,Edwards,16/05/1986,F,04/01/2000,5,19,26790,0
114,Londyn,Hall,08/08/1980,F,31/01/1999,7,11,20660,0
115,Luca,Cooper,16/07/1973,M,07/09/2019,2,17,49462,1
116,Gabrielle,Wright,15/03/1996,F,18/09/2010,5,14,47891,1
117,Mckenzie,Diaz,24/04/1977,F,06/08/2015,6,15,33920,0
118,Justin,Myers,23/01/1979,M,15/09/2023,4,3,21356,0
119,Stella,Bailey,28/03/1997,F,16/12/2005,3,12,36644,0
120,Harmony,Hill,06/04/1987,F,06/09/2014,1,16,48356,1
121,Theodore,Diaz,08/07/1978,M,20/07/2023,4,2,33350,0
122,Juan,Scott,05/09/1989,M,22/12/2018,3,3,34030,0
123,Riley,Cox,06/11/1997,F,12/06/2012,8,4,16467,0
124,Jeremy,Hall,12/04/1984,M,14/09/2021,8,9,37184,0
125,Lyla,Thomas,03/07/1973,F,23/03/2004,6,22,49812,1
126,David,Kelly,23/08/1995,M,23/06/2021,6,8,38067,0
127,Emmanuel,Diaz,12/06/1978,M,19/09/2022,2,13,33181,0
128,Everly,Robinson,28/03/1986,F,19/05/2012,8,15,24798,0
129,Maxwell,Bennet,29/03/1989,M,01/03/2009,7,1,47086,1
130,Madelyn,Ramirez,03/11/1997,F,09/01/2009,8,21,21561,0
131,Ximena,Miller,05/09/1994,F,02/07/2000,7,17,30594,0
132,Ezra,Brines,15/12/1961,M,23/11/2002,6,16,27060,0
133,Kendall,Jones,18/02/1962,F,01/11/2022,2,2,18341,0
134,Jack,Johnson,10/06/1966,M,08/04/2001,5,5,18270,0
135,Bryan,Cooper,27/03/1967,M,31/08/2015,3,10,41590,1
136,Athena,Ward,08/03/1983,F,05/06/2016,2,5,18381,0
137,Camila,Jackson,27/08/1998,F,26/05/2021,5,13,41626,1
138,Xavier,Ross,23/12/1971,M,03/11/2009,6,14,48555,1
139,Julianna,Brown,16/02/1977,F,04/10/2021,8,3,39385,0
140,Gabrielle,Miller,07/02/1997,F,06/11/2003,8,17,43306,1
141,Summer,Cruz,04/10/1974,F,02/08/2007,2,24,43589,1
142,Madeline,Harris,30/10/1976,F,29/04/2002,7,22,28739,0
143,Maddox,Brown,15/04/1963,M,06/01/2004,5,21,19761,0
144,Victoria,Ramirez,24/12/1998,F,21/04/2018,3,1,14361,0
145,Liliana,James,01/08/1995,F,16/02/2013,4,17,36710,0
146,Jeremiah,Torres,09/08/1971,M,27/03/2020,4,18,41439,1
147,Adalyn,Hughes,07/12/1997,F,23/09/2004,6,22,39650,0
148,George,Williams,25/05/1982,M,22/10/2004,5,9,15444,0
149,Adalyn,Collins,13/02/1982,F,20/12/2017,5,18,25942,0
150,Max,Chavez,21/11/1972,M,19/09/2003,1,24,18082,0
151,Jackson,Peterson,03/01/1983,M,26/05/2002,3,2,30854,0
152,Camden,Thompson,30/10/1967,M,15/09/2020,7,4,22632,0
153,Dylan,James,28/11/1981,M,18/03/2009,8,20,49910,1
154,Destiny,Roberts,19/07/1984,F,16/08/2016,3,9,41225,1
155,Theodore,Baker,20/12/1984,M,07/03/2007,4,11,31238,0
156,Caroline,Ortiz,02/09/1974,F,12/08/2011,1,3,27601,0
157,Willow,James,01/10/1966,F,29/04/2004,5,1,16148,0
158,John,Howard,23/03/1992,M,17/04/2018,7,9,18245,0
159,Addison,Anderson,11/03/1992,F,03/11/2022,2,12,16147,0
160,Levi,Miller,01/07/1982,M,28/04/2005,2,21,48277,1
161,Khloe,Adams,13/09/1984,F,17/01/2007,2,15,35744,0
162,Scarlett,Young,06/12/1984,F,23/09/2014,7,17,46288,1
163,Eric,Cruz,19/11/1992,M,29/08/2000,5,10,44008,1
164,Robert,Stewart,09/08/1979,M,09/05/2005,7,11,28444,0
165,Camden,Cook,08/09/1997,M,22/09/2001,2,16,38689,0
166,King,Sanchez,30/12/1962,M,29/12/2016,8,2,14695,0
167,Giovanni,Carter,29/08/1971,M,22/05/2019,1,15,35032,0
168,Jordyn,Lee,18/12/1972,F,20/11/2006,2,2,30947,0
169,Alejandro,Adams,22/06/1996,M,25/04/2004,4,9,24844,0
170,Sebastian,Ortiz,23/06/1973,M,25/06/2010,7,23,36329,0
171,Brooklyn,Torres,12/04/1981,F,17/10/2011,4,1,40391,1
172,Ezra,Reed,03/12/1968,M,30/06/2004,4,16,13734,0
173,Emmett,Rodriguez,23/01/1967,M,07/01/2014,8,6,13042,0
174,Ryleigh,Smith,15/09/1989,F,20/05/1999,4,13,39123,0
175,Asher,Williams,05/01/1975,M,23/02/2020,3,2,35530,0
176,Ian,Moore,02/10/1974,M,02/02/2013,3,23,39086,0
177,Sara,Johnson,15/11/1990,F,08/11/2006,1,1,32923,0
178,Willow,Campbell,02/02/1963,F,10/09/2015,8,12,37609,0
179,Sophia,Martin,30/04/1973,F,01/08/2022,5,2,17511,0
180,Ayden,Edwards,05/12/1990,M,24/05/2017,4,8,48407,1
181,Steven,Anderson,16/03/1971,M,08/01/2007,8,22,44773,1
182,Richard,Myers,18/09/1989,M,07/07/2008,5,17,39214,0
183,Jack,Chavez,19/01/1996,M,19/07/2007,6,19,12690,0
184,Aidan,Cruz,18/10/1962,M,18/01/2003,3,2,22468,0
185,Landon,Rodriguez,15/04/1984,M,17/05/2001,5,15,38546,0
186,Kendall,Davis,23/11/1995,F,27/11/2021,6,19,15565,0
187,Camden,Reyes,09/11/1974,M,09/05/2017,3,5,39546,0
188,Margaret,Gomez,10/03/1992,F,19/11/2021,6,9,28586,0
189,Caleb,Gray,19/03/1980,M,19/11/2012,6,19,29867,0
190,Victor,Wood,18/12/1972,M,05/01/2005,6,6,47409,1
191,Paul,Cox,15/05/1991,M,09/07/2022,3,5,17206,0
192,Rebecca,Morales,20/01/1986,F,06/09/2023,2,5,19365,0
193,Owen,Cook,22/03/1992,M,03/01/2018,7,1,34954,0
194,Bella,Rivera,21/10/1982,F,22/01/2016,1,18,46537,1
195,Jacob,White,30/04/1993,M,10/12/2001,5,6,24834,0
196,Maximus,Martinez,08/10/1985,M,13/04/2007,2,19,28737,0
197,Jessica,Alvarez,22/12/1972,F,05/04/2008,3,4,40182,1
198,Cameron,Green,27/09/1978,M,24/01/2022,7,6,21200,0
199,Sadie,Price,11/10/1981,F,18/03/1999,2,12,25425,0
200,Andrew,Rodriguez,16/01/1971,M,09/02/2004,7,6,43348,1
201,Amy,Harris,12/09/1970,F,12/02/2016,3,18,19184,0
202,Anna,Taylor,11/09/1978,F,26/09/2020,3,12,20418,0
203,William,Bennet,22/08/1973,M,30/10/2007,1,14,23787,0
204,Sara,Morris,22/02/1976,F,09/07/2013,8,23,18464,0
205,Chase,Morgan,03/11/1992,M,09/10/2017,1,1,40797,1
206,Hailey,Bailey,18/08/1994,F,24/08/2006,2,10,20473,0
207,Everett,Brooks,15/09/1982,M,23/07/2006,1,11,13655,0
208,Jesse,Collins,22/10/1978,M,23/06/2010,6,16,37509,0
209,Ryleigh,Parker,16/02/1988,F,25/11/2011,1,4,40036,1
210,Daisy,Carter,29/06/1995,F,20/09/2021,4,12,35474,0
211,Maxwell,Allen,27/09/1974,M,06/05/2013,7,3,18917,0
212,Emilia,Nelson,26/10/1971,F,30/03/1999,6,9,36122,0
213,Faith,Kelly,02/02/1972,F,05/08/1999,7,5,24184,0
214,Brooke,Richardson,29/01/1965,F,29/11/2016,8,21,20501,0
215,Ashton,Mendoza,25/09/1989,M,01/10/2010,3,17,37503,0
216,Madison,Davis,31/12/1995,F,10/08/1999,1,14,16001,0
217,David,Moore,15/03/1984,M,07/02/2019,1,19,25131,0
218,Gabriella,James,10/01/1970,F,20/08/2012,7,14,23661,0
219,Delilah,Gutierrez,19/01/1968,F,07/05/2013,5,20,36056,0
220,Xavier,Martin,29/05/1978,M,16/04/2005,5,16,41138,1
221,Quinn,Torres,27/05/1997,F,15/12/2010,6,5,40598,1
222,Mariah,Hall,09/12/1965,F,02/04/2003,2,14,36815,0
223,Lincoln,Sanders,09/02/1961,M,25/07/2010,3,20,16064,0
224,Giovanni,Long,26/08/1993,M,28/04/2004,7,2,13960,0
225,Arianna,Morgan,14/05/1961,F,05/08/2010,7,21,43733,1
226,Arianna,Richardson,28/12/1980,F,30/09/2020,2,1,27859,0
227,Skylar,Castillo,24/10/1996,F,22/06/2012,7,10,26927,0
228,Kinsley,Cox,02/12/1998,F,12/05/2015,8,12,13477,0
229,Clara,Wilson,18/12/1998,F,14/02/2013,4,17,37079,0
230,David,Allen,03/07/1984,M,25/06/2017,1,8,36762,0
231,Rylee,King,25/12/1970,F,11/01/2003,6,16,27451,0
232,Kinsley,Parker,21/03/1992,F,28/07/2003,6,6,48296,1
233,Oscar,Brown,15/06/1998,M,12/12/2014,5,18,16893,0
234,Mia,Jones,26/08/1968,F,02/03/2003,2,5,40572,1
235,Mackenzie,Parker,06/01/1987,F,16/09/2012,2,13,46787,1
236,Anthony,Diaz,26/08/1986,M,08/06/2015,4,16,24896,0
237,Jaxson,Chavez,11/08/1996,M,30/08/2013,2,5,26760,0
238,Adriana,Phillips,15/11/1980,F,23/08/2011,1,21,38844,0
239,Charles,Baker,12/05/1971,M,02/03/2001,1,1,36473,0
240,Victor,Patel,14/06/1991,M,25/08/2005,7,13,29026,0
241,Aidan,Harris,02/04/1981,M,14/02/2011,8,1,12159,0
242,Jordan,Gutierrez,12/12/1975,M,18/03/2017,7,19,44998,1
243,Makenzie,Morales,16/06/1984,F,13/12/1999,3,13,46431,1
244,Zoey,Nguyen,18/12/1985,F,13/06/2015,1,4,40403,1
245,Caden,Hughes,18/06/1994,M,05/09/2007,8,24,34461,0
246,Ariana,Garcia,04/10/1972,F,29/11/2019,2,2,25768,0
247,Leilani,Myers,10/07/1990,F,08/07/2009,8,18,39496,0
248,Timothy,Moore,25/06/1982,M,22/04/2013,7,13,14704,0
249,Nicholas,Adams,14/01/1970,M,11/08/2011,1,3,46878,1
250,Margaret,Scott,19/01/1991,F,18/06/2020,8,16,37773,0
251,Wyatt,Lee,24/07/1976,M,20/11/2016,4,6,23154,0
252,Cole,Moore,31/05/1988,M,22/08/2003,5,22,32266,0
253,Elena,Turner,11/05/1992,F,17/08/2007,1,15,39620,0
254,Alana,Clark,04/06/1977,F,06/04/2001,7,21,21661,0
255,Jennifer,Miller,19/12/1994,F,28/02/2007,5,20,32272,0
256,Mya,Perez,10/03/1978,F,22/02/1999,2,12,40348,1
257,Cooper,Torres,28/10/1993,M,17/01/2018,4,6,41174,1
258,Jordyn,Lewis,05/12/1965,F,23/05/2010,4,21,40475,1
259,Carson,Long,10/12/1970,M,29/11/2002,3,18,47316,1
260,Hannah,Smith,09/03/1977,F,04/03/2009,1,5,35404,0
261,Andrew,Miller,28/03/1991,M,16/12/2005,4,5,44709,1
262,Jaxon,Nelson,30/01/1961,M,15/09/2006,5,7,42464,1
263,Hayden,Thomas,30/01/1970,M,13/07/2010,6,11,16931,0
264,Mia,Anderson,01/09/1990,F,30/08/2005,5,16,47564,1
265,Jonathan,Thomas,29/04/1974,M,16/04/2015,7,15,29229,0
266,Colin,Young,08/01/1987,M,07/04/2008,5,18,18671,0
267,Kaleb,Turner,06/09/1990,M,18/11/2007,5,13,47453,1
268,Edward,Stewart,20/09/1978,M,27/12/2021,2,19,40386,1
269,Lauren,Sanders,20/10/1974,F,13/05/2013,3,4,35533,0
270,Kayden,Ortiz,04/04/1963,M,19/01/2001,6,14,33595,0
271,Kayla,Price,30/06/1978,F,12/02/2022,6,16,16781,0
272,Steven,Turner,11/01/1986,M,20/01/2005,8,8,32938,0
273,Jack,Adams,01/09/1968,M,10/06/2012,5,7,44028,1
274,Aaron,Sanchez,02/02/1983,M,09/02/2008,6,2,29326,0
275,Jade,Carter,05/04/1962,F,26/04/2007,5,4,23126,0
276,Layla,Smith,03/01/1968,F,26/10/2007,3,22,14238,0
277,Avery,Reed,27/11/1987,F,06/09/2021,3,6,31578,0
278,Vanessa,Phillips,01/09/1985,F,18/07/2019,4,15,34143,0
279,Richard,Kelly,16/06/1963,M,21/03/2000,3,18,19927,0
280,Valentina,Lee,16/07/1993,F,03/03/2006,4,12,36443,0
281,Samuel,Robinson,07/03/1989,M,14/10/2011,3,16,27864,0
282,Giovanni,Mitchell,15/11/1970,M,14/06/2020,7,7,16522,0
283,Marcus,Patel,13/01/1963,M,15/12/2020,7,18,33808,0
284,Maddox,Anderson,13/06/1964,M,19/09/1999,5,24,40810,1
285,Kayla,James,18/12/1980,F,14/01/1999,8,12,38310,0
286,Lyla,Ramos,01/03/1989,F,18/05/2021,3,9,32276,0
287,Nathan,Morgan,01/04/1960,M,05/12/2012,2,3,47028,1
288,Zoey,Ross,19/06/1972,F,03/07/2014,5,1,32136,0
289,Stephanie,Green,24/05/1990,F,07/10/1999,5,6,45874,1
290,Gianna,Williams,06/11/1972,F,30/09/2010,3,20,49040,1
291,Emma,Hall,25/06/1978,F,03/10/2005,7,12,40389,1
292,Stella,Thomas,26/02/1994,F,25/10/2001,4,21,31559,0
293,Jesus,Parker,04/06/1982,M,21/06/2014,8,17,48967,1
294,Gael,Roberts,06/11/1980,M,08/03/2008,4,11,26012,0
295,Allison,Roberts,21/08/1971,F,21/11/2017,1,13,45005,1
296,Norah,Morris,06/02/1974,F,18/09/2006,7,6,40946,1
297,Xavier,Ward,06/10/1998,M,26/02/2001,4,24,18350,0
298,Addison,Walker,24/01/1972,F,25/07/2017,8,12,25413,0
299,Christian,Clark,19/08/1995,M,13/03/2004,8,6,38832,0
300,Hunter,Cooper,26/09/1964,M,15/01/2012,5,21,36104,0
301,Elias,Peterson,16/05/1988,M,17/07/2013,5,20,48554,1
302,George,Ross,10/12/1993,M,21/06/2017,1,9,27158,0
303,Sebastian,Martinez,06/03/1974,M,23/07/2011,2,6,30297,0
304,Anna,Bennet,12/01/1988,F,27/07/2001,6,22,17887,0
305,Peyton,Martinez,06/10/1967,F,15/02/2023,8,22,24487,0
306,Lucy,Ruiz,27/12/1991,F,15/11/2015,2,7,33628,0
307,Elise,Diaz,01/04/1970,F,05/02/2012,8,1,41938,1
308,Justin,Smith,15/08/1996,M,27/04/2008,6,17,46745,1
309,Olivia,Ramirez,28/04/1962,F,17/05/2009,8,1,40126,1
310,Edward,Castillo,19/02/1994,M,15/03/2016,6,3,19372,0
311,Diego,Moore,11/12/1981,M,01/03/2009,5,22,27825,0
312,Kimberly,Hill,06/06/1986,F,14/01/2005,2,11,32682,0
313,Willow,Garcia,18/12/1985,F,07/02/2012,6,20,35525,0
314,Xavier,Smith,12/02/1992,M,07/08/2011,6,13,15930,0
315,Ian,Perez,02/10/1962,M,27/07/2013,4,2,22701,0
316,Gavin,Diaz,30/01/1962,M,18/11/2022,7,23,40833,1
317,Angel,Harris,27/07/1989,M,01/04/2005,2,12,36217,0
318,Josiah,Parker,09/11/1985,M,19/05/2013,7,18,15710,0
319,Isabelle,Bailey,11/05/1963,F,27/12/2000,1,8,27640,0
320,Jennifer,Reed,21/04/1978,F,09/11/1999,8,4,37655,0
321,Hunter,Parker,20/11/1973,M,07/08/2019,8,9,45293,1
322,Kaden,Taylor,17/06/1968,M,14/02/2020,2,22,15197,0
323,Jason,Miller,26/01/1981,M,15/06/2002,7,14,46658,1
324,Jaxon,Johnson,04/11/1981,M,21/02/2013,4,14,14313,0
325,Jacob,Lee,21/02/1979,M,25/03/2002,6,8,47573,1
326,Emery,Castillo,28/09/1982,F,11/02/2015,2,18,34138,0
327,Kaylee,Garcia,20/03/1991,F,13/10/2017,5,21,13545,0
328,Emmett,Carter,01/08/1983,M,22/07/2007,6,9,32711,0
329,Josephine,Price,17/05/1961,F,16/05/2009,1,10,12617,0
330,Luke,Clark,18/08/1997,M,05/12/2005,8,17,17121,0
331,Jade,Patel,02/12/1988,F,24/04/2015,5,3,38566,0
332,Kingston,Garcia,27/07/1977,M,20/09/2012,8,10,30711,0
333,Gael,Alvarez,05/08/1985,M,23/12/2001,8,7,30371,0
334,Theodore,Perez,25/09/1964,M,06/12/2002,5,20,36539,0
335,Cooper,Perez,11/07/1976,M,30/08/2020,7,4,22691,0
336,Harrison,Cook,03/05/1976,M,18/07/2013,6,22,20316,0
337,Aurora,Phillips,25/04/1965,F,13/02/2023,7,24,41373,1
338,Patrick,Collins,31/03/1967,M,18/08/2001,3,11,18599,0
339,Sophia,Kim,15/12/1984,F,20/09/2017,4,8,21979,0
340,Jude,Lee,16/07/1991,M,25/11/2014,2,9,47796,1
341,Paul,Lopez,22/08/1962,M,03/08/2010,7,3,40687,1
342,Damian,Morgan,17/05/1988,M,08/12/2003,7,12,47886,1
343,Jayla,Johnson,25/09/1969,F,31/08/2018,6,19,30595,0
344,Caden,Brines,02/09/1968,M,12/12/2019,2,6,38663,0
345,Andrea,Lopez,02/01/1991,F,15/05/2012,5,23,49257,1
346,Hadley,Lee,19/11/1969,F,23/06/2013,4,22,27199,0
347,Jayce,Ruiz,13/04/1972,M,09/05/2015,4,20,35961,0
348,Violet,Lewis,11/02/1971,F,06/08/2003,4,22,48109,1
349,Anthony,Robinson,16/06/1984,M,10/08/2022,1,23,14104,0
350,Hayden,Stewart,04/06/1989,M,05/05/2013,2,10,44223,1
351,Jayla,Reyes,05/06/1971,F,27/11/2022,7,20,29151,0
352,Melody,Robinson,08/02/1976,F,20/03/2009,4,21,31740,0
353,Samuel,Jimenez,10/08/1973,M,15/07/2006,1,20,45583,1
354,Caden,Rogers,27/08/1979,M,16/11/2020,2,23,13363,0
355,Carlos,Myers,23/10/1979,M,20/08/2002,7,15,48599,1
356,Maxwell,Brown,18/03/1965,M,20/02/2005,7,12,36657,0
357,Katherine,Lopez,16/06/1960,F,14/05/2023,1,11,19576,0
358,Josiah,Ward,02/08/1994,M,17/10/2021,8,3,43275,1
359,Julian,Long,25/09/1975,M,23/09/2022,2,10,37472,0
360,Penelope,Allen,30/04/1981,F,03/12/2021,2,17,39465,0
361,Jade,Bennet,06/01/1963,F,11/03/2007,6,15,32770,0
362,Elijah,Williams,06/05/1974,M,21/11/2016,1,9,38609,0
363,Ryleigh,King,26/11/1979,F,15/01/2016,1,21,36103,0
364,Autumn,Brooks,27/01/1965,F,19/02/2005,2,10,27708,0
365,Ezekiel,Walker,13/07/1962,M,05/11/2014,8,2,12126,0
366,Brooklyn,Rogers,25/06/1983,F,29/03/2007,6,21,23412,0
367,Genesis,Perez,30/03/1986,F,30/03/2016,7,3,39761,0
368,Mark,Rodriguez,17/02/1987,M,28/10/2019,3,22,47732,1
369,Jesus,Hughes,28/10/1973,M,01/12/2000,2,1,19441,0
370,Kaleb,Gray,17/10/1981,M,27/12/2015,4,10,15130,0
371,Dominic,Garcia,26/02/1996,M,28/11/2014,1,18,28138,0
372,Ezekiel,Foster,18/11/1980,M,21/03/2007,1,8,45529,1
373,Luna,Turner,08/06/1975,F,23/04/2021,1,13,45625,1
374,Noah,Carter,15/08/1977,M,04/04/2004,2,15,16930,0
375,Emily,Diaz,10/09/1993,F,09/11/2023,3,4,21506,0
376,Kaylee,Cooper,06/08/1982,F,10/11/2008,8,13,42202,1
377,Kaleb,Price,03/04/1974,M,13/08/2014,3,19,13452,0
378,Jaxson,Gomez,09/04/1978,M,02/05/2018,7,11,29072,0
379,Abraham,King,03/03/1966,M,13/03/2000,8,17,29297,0
380,Ian,Robinson,04/11/1982,M,10/11/2023,3,12,25357,0
381,Gabriel,Jimenez,28/01/1998,M,15/11/1999,8,5,26709,0
382,Genesis,Gomez,12/03/1989,F,20/10/2009,6,22,37774,0
383,Brianna,Lee,13/05/1962,F,27/12/2007,3,4,34311,0
384,Trinity,Miller,17/04/1971,F,11/09/2019,7,16,49829,1
385,Cooper,Hill,14/12/1986,M,09/07/2003,2,10,45384,1
386,Mark,Edwards,13/03/1985,M,03/05/2006,6,4,25527,0
387,Michelle,Morris,15/03/1988,F,05/06/2017,5,9,13523,0
388,Jack,Flores,28/11/1988,M,23/04/2005,3,2,40722,1
389,Cora,Peterson,23/06/1993,F,07/12/2004,4,17,18491,0
390,Ryder,Scott,04/10/1971,M,03/02/2001,5,8,30043,0
391,Ryan,Reed,11/09/1981,M,11/10/2013,6,4,40080,1
392,Chase,Kelly,06/04/1960,M,23/09/2008,2,18,43386,1
393,Khloe,King,04/05/1993,F,14/09/2011,3,23,47779,1
394,Bentley,Reyes,27/11/1991,M,09/12/2023,7,20,46249,1
395,Tyler,Sanders,01/09/1966,M,28/01/2023,8,16,46872,1
396,Lauren,Jimenez,22/06/1963,F,07/05/2021,2,14,39192,0
397,Anna,Clark,25/09/1988,F,19/10/2017,2,16,23408,0
398,Weston,Price,16/08/1964,M,19/04/2015,4,5,42057,1
399,Scarlett,White,23/11/1987,F,29/03/2012,6,11,49279,1
400,Naomi,Walker,14/11/1995,F,08/10/2011,4,16,33349,0
401,Kenneth,Young,19/08/1971,M,15/08/2022,8,7,35858,0
402,Mackenzie,Martinez,04/07/1978,F,10/03/2012,4,22,26218,0
403,Kinsley,Long,18/07/1974,F,23/07/2023,6,5,36075,0
404,Gabriella,Ramos,25/01/1969,F,27/01/2015,1,13,39884,0
405,Emilia,Reyes,05/08/1966,F,04/03/2012,5,19,45123,1
406,Lincoln,Allen,24/09/1961,M,25/09/2017,2,3,48958,1
407,Brooke,White,16/12/1986,F,05/10/2021,1,18,35871,0
408,Parker,Johnson,04/06/1974,M,23/02/2020,1,20,32219,0
409,Noah,Perez,19/07/1965,M,01/06/2017,5,2,28696,0
410,Andrew,Turner,12/02/1993,M,26/02/2017,7,8,21694,0
411,Jordan,Lee,29/11/1981,M,29/07/2014,2,15,20378,0
412,Brady,Morales,15/06/1980,M,14/08/2003,6,21,43321,1
413,Julian,Kelly,18/08/1973,M,22/08/2004,4,1,27793,0
414,Gavin,Gomez,08/06/1990,M,02/12/2011,5,2,20310,0
415,Jason,Green,18/12/1990,M,29/12/2020,2,16,40136,1
416,Jameson,Patel,16/04/1986,M,14/04/2014,3,23,48491,1
417,Laila,Reyes,04/01/1973,F,10/04/2021,5,14,29714,0
418,Daniela,Brown,25/03/1969,F,28/05/2014,5,21,13462,0
419,Antonio,Rivera,15/07/1965,M,30/12/2004,1,1,31702,0
420,Jayla,Thomas,23/12/1993,F,04/03/2002,6,7,43727,1
421,Jayden,Young,31/10/1986,M,23/03/2012,5,21,34683,0
422,Luis,Green,12/12/1987,M,22/06/2003,4,1,17031,0
423,Jordyn,Diaz,16/10/1984,F,05/03/2000,2,11,47452,1
424,Jack,Gonzales,14/11/1965,M,22/01/2004,4,9,32617,0
425,Sean,King,28/10/1969,M,28/08/2009,5,10,21790,0
426,Jude,Sanders,08/11/1968,M,19/08/2020,7,18,41567,1
427,Katherine,Ward,21/09/1968,F,13/11/2015,4,3,32595,0
428,Eric,Jones,27/12/1980,M,28/02/2000,2,20,32694,0
429,Isabelle,Brooks,20/10/1984,F,31/08/2014,7,24,31595,0
430,Daniela,Howard,19/04/1990,F,24/11/2016,5,5,12531,0
431,Caden,Mendoza,11/09/1998,M,24/09/2007,3,3,24674,0
432,Lucy,Morales,12/11/1974,F,11/07/2004,5,22,34861,0
433,Grace,Myers,25/07/1970,F,28/02/2000,2,14,20073,0
434,Elena,Cruz,04/11/1998,F,11/09/2001,6,15,38435,0
435,Axel,Young,10/03/1982,M,07/02/2017,7,19,49812,1
436,Alex,Morales,03/08/1961,M,17/03/2019,4,24,30062,0
437,Alex,Harris,11/04/1992,M,09/03/2008,8,21,26341,0
438,Kimberly,Morales,21/11/1978,F,13/11/2005,8,5,45875,1
439,Jose,Young,17/10/1974,M,22/06/2005,3,10,36699,0
440,Kaden,Kim,29/03/1964,M,04/02/2010,6,11,31853,0
441,Kaden,White,04/10/1962,M,14/06/2022,7,21,19201,0
442,Gracie,Johnson,22/01/1998,F,13/06/2008,2,2,44437,1
443,Marcus,Peterson,20/03/1990,M,17/12/2019,4,6,40837,1
444,Andrew,Ramos,17/03/1980,M,26/07/2010,5,23,13090,0
445,Savannah,Anderson,08/01/1962,F,31/07/2000,7,8,12496,0
446,Nora,Turner,13/02/1960,F,12/11/2020,5,22,47387,1
447,Laila,Lee,10/12/1977,F,24/01/2005,1,16,40542,1
448,Ariel,Cruz,13/12/1977,F,20/10/2023,4,8,28370,0
449,Elizabeth,Scott,08/04/1997,F,07/01/2002,8,5,18801,0
450,Steven,Kim,01/04/1980,M,26/08/2015,8,9,34372,0
451,Ryder,Edwards,20/09/1963,M,23/06/2016,8,11,41002,1
452,Eliza,James,16/11/1992,F,04/12/2016,6,17,18557,0
453,Aria,Miller,30/05/1988,F,07/06/2002,2,2,39871,0
454,Kai,Diaz,02/10/1973,M,29/03/2022,5,15,39851,0
455,Carson,Scott,18/07/1976,M,03/02/2005,7,5,25760,0
456,Athena,Turner,13/04/1986,F,14/01/2013,1,1,13903,0
457,Payton,Gonzales,26/05/1995,F,09/08/2000,6,1,12058,0
458,Ariel,Walker,21/04/1978,F,15/12/2002,3,1,28419,0
459,William,Morales,17/11/1982,M,19/10/2020,8,16,35732,0
460,Asher,Edwards,28/05/1992,M,12/10/2004,5,17,41893,1
461,Nevaeh,Smith,24/07/1974,F,10/11/2019,5,6,40797,1
462,Brandon,Bennet,26/06/1971,M,09/05/2010,1,23,38887,0
463,Isabella,Reyes,10/12/1991,F,18/11/2022,8,11,30893,0
464,Gavin,Ward,19/02/1975,M,21/04/2019,7,18,43501,1
465,Laila,White,09/04/1983,F,09/05/2001,6,12,13136,0
466,Emery,Harris,25/08/1981,F,02/06/2020,6,23,24103,0
467,Ryker,Murphy,08/03/1962,M,17/11/2004,3,8,17621,0
468,Hayden,Morales,19/08/1960,M,12/07/2022,5,4,44494,1
469,Nicole,Chavez,07/06/1971,F,27/08/2011,3,20,37141,0
470,Logan,Green,01/06/1981,M,08/06/2022,1,8,23770,0
471,Tyler,Sanchez,21/03/1981,M,19/08/2008,7,10,27930,0
472,Jayce,Campbell,02/11/1991,M,20/04/2022,1,5,21168,0
473,Jose,Chavez,12/10/1970,M,29/09/2014,4,19,45999,1
474,Grayson,Rodriguez,06/02/1977,M,25/12/1999,3,22,20049,0
475,Lydia,Brines,05/09/1983,F,19/11/2006,5,9,23832,0
476,Sophie,Rivera,16/03/1988,F,25/09/2019,5,14,45164,1
477,Carson,Mendoza,15/02/1972,M,16/02/2002,8,20,37158,0
478,Jonathan,Kelly,12/01/1983,M,28/01/2021,3,23,28062,0
479,Hailey,Reed,27/11/1977,F,19/12/1999,4,12,34993,0
480,Sophie,Kim,17/04/1995,F,21/03/2007,6,8,14141,0
481,Preston,Anderson,29/06/1971,M,25/04/2002,6,15,23337,0
482,Christopher,Watson,11/06/1963,M,03/04/2005,1,22,22604,0
483,Piper,Edwards,26/07/1980,F,26/03/2007,5,7,37260,0
484,Andrew,Edwards,26/03/1996,M,07/07/1999,2,9,22220,0
485,Brayden,Adams,26/11/1995,M,17/01/2018,5,14,35741,0
486,Maya,Torres,26/01/1985,F,05/02/2003,6,19,19831,0
487,Luis,Hill,05/06/1970,M,13/10/2012,4,19,49070,1
488,Allison,Wright,10/06/1966,F,02/06/2001,6,10,49592,1
489,#REF!,Hernandez,16/09/1996,,26/09/2019,6,5,18575,0
490,Brooke,Allen,03/08/1996,F,20/03/2015,3,13,47834,1
491,Roman,Ramirez,23/09/1977,M,29/07/2015,1,8,30249,0
492,Giovanni,Parker,19/06/1967,M,02/05/2007,2,1,40416,1
493,Carlos,Jones,05/08/1982,M,29/02/2008,2,13,17312,0
494,Calvin,Jackson,29/08/1985,M,03/02/2006,8,22,20346,0
495,Ryder,Jones,16/06/1976,M,26/12/2022,5,3,25888,0
496,Jennifer,Rivera,01/05/1963,F,21/08/2022,2,20,15946,0
497,Natalie,Cook,11/10/1968,F,10/09/2008,3,23,42966,1
498,Angel,Reyes,08/02/1997,M,05/01/2018,8,14,16630,0
499,Kimberly,Stewart,15/06/1960,F,19/10/2003,5,12,26005,0
500,Ian,Thompson,21/05/1964,M,21/12/2015,7,21,48160,1
501,Mya,Clark,01/02/1984,F,27/04/2010,8,16,35329,0
502,Giovanni,Cox,19/05/1971,M,28/12/2006,7,8,34116,0
503,Aaliyah,Smith,13/10/1978,F,20/02/2001,4,22,33617,0
504,King,Miller,23/02/1960,M,14/09/2008,8,19,24297,0
505,Hayden,Hall,05/08/1983,M,17/09/2011,2,22,23979,0
506,Josiah,Foster,09/09/1971,M,19/11/2008,7,18,15258,0
507,Sebastian,Kelly,28/05/1961,M,22/12/2019,1,1,39651,0
508,Aliyah,Mendoza,21/08/1972,F,24/10/2021,4,18,25350,0
509,Brayden,James,26/10/1980,M,14/07/2023,7,10,20353,0
510,Julian,Taylor,02/12/1964,M,16/10/1999,7,5,30394,0
511,Amir,Baker,22/08/1976,M,01/09/1999,7,5,32198,0
512,Cora,Wood,09/09/1986,F,19/12/2001,2,13,13136,0
513,Valerie,Price,22/04/1972,F,05/03/2007,1,22,15851,0
514,Parker,Price,07/09/1984,M,19/01/2016,5,12,21240,0
515,Eli,Cox,08/12/1994,M,15/06/2013,2,23,30441,0
516,Ethan,Hall,22/05/1978,M,09/12/2018,6,17,31876,0
517,Piper,Campbell,16/07/1994,F,29/01/2013,8,1,15390,0
518,Sara,Robinson,06/01/1996,F,26/07/2009,1,24,29458,0
519,Kai,Turner,21/06/1992,M,18/05/1999,2,17,42960,1
520,Maverick,Jones,15/06/1974,M,12/01/2020,5,19,33619,0
521,Mark,Peterson,25/01/1990,M,20/03/2008,4,8,13824,0
522,Jocelyn,Nguyen,08/05/1993,F,05/06/2012,7,15,40534,1
523,Cayden,Thompson,22/03/1982,M,04/10/2005,3,19,16196,0
524,James,Bennet,04/09/1968,M,15/04/2006,4,18,27879,0
525,Zachary,Gray,04/04/1975,M,19/03/2003,8,24,47313,1
526,Annabelle,Perez,09/10/1992,F,07/07/2011,3,9,45803,1
527,Kaylee,Walker,14/07/1977,F,05/07/2022,5,16,41901,1
528,Tyler,Lopez,23/09/1977,M,15/12/2020,4,15,28887,0
529,Nathan,Ross,20/05/1962,M,13/01/2013,4,2,35002,0
530,Brianna,Gutierrez,06/09/1963,F,07/12/2005,4,16,39054,0
531,Paul,Hall,25/10/1971,M,02/11/2013,6,3,42292,1
532,Harper,Parker,01/04/1986,F,06/10/2003,4,9,34328,0
533,Oliver,Foster,26/06/1970,M,27/08/2023,1,5,27223,0
534,Melody,Bailey,28/12/1962,F,03/03/2005,3,7,47516,1
535,Jonah,Cruz,24/10/1961,M,08/10/2019,7,20,12175,0
536,Jayla,Peterson,16/04/1972,F,25/09/2018,5,15,35969,0
537,Ariana,Jackson,02/10/1987,F,25/10/2014,1,18,29973,0
538,Jordyn,Smith,24/02/1994,F,15/10/1999,8,5,28765,0
539,Vanessa,Chavez,21/12/1993,F,23/07/2020,8,20,40105,1
540,Nathaniel,Ramos,03/06/1995,M,18/03/2012,2,22,28821,0
541,Grayson,Lopez,07/12/1965,M,19/01/2022,5,5,31281,0
542,Jeremiah,Cooper,11/12/1969,M,17/01/2020,5,4,33733,0
543,Ashley,Allen,14/07/1971,F,20/04/2000,1,9,39311,0
544,Oscar,Cook,30/07/1998,M,17/12/2003,3,2,16106,0
545,Harrison,Parker,23/04/1981,M,12/09/2017,4,24,39654,0
546,Ariana,Green,05/05/1968,F,19/03/2013,4,12,37343,0
547,Calvin,Gomez,19/03/1978,M,14/03/2021,8,4,15537,0
548,Riley,Ross,09/09/1996,M,21/08/2007,1,14,23633,0
549,Mark,Hall,28/05/1964,M,11/01/2013,8,20,28914,0
550,Sarah,Torres,13/02/1995,F,17/08/2018,1,3,45921,1
551,Ezekiel,Kelly,01/08/1971,M,22/01/2023,4,18,35099,0
552,Melanie,Price,04/09/1984,F,17/03/2014,8,7,46911,1
553,Jayce,Parker,07/09/1973,M,02/06/2004,8,1,22883,0
554,Leo,Diaz,31/03/1964,M,15/04/2016,8,4,47482,1
555,Stella,Morales,13/01/1996,F,18/04/2004,7,19,49969,1
556,Avery,Lewis,22/08/1967,M,27/07/2000,3,18,49247,1
557,Paisley,Kelly,21/10/1961,F,19/01/2014,6,7,32152,0
558,John,Rogers,16/08/1972,M,11/03/2022,7,11,38166,0
559,Jayla,Rodriguez,09/06/1990,F,26/05/2010,4,22,32757,0
560,Christian,Long,26/09/1986,M,22/07/2006,1,11,35798,0
561,Skylar,Nguyen,06/01/1961,F,18/06/1999,2,14,12492,0
562,Joshua,Myers,04/06/1988,M,07/10/2022,5,2,34104,0
563,Oliver,Hall,26/01/1964,M,10/11/2014,1,9,33248,0
564,Cole,Cook,18/10/1992,M,20/12/2015,6,4,21036,0
565,Jade,Garcia,25/11/1962,F,20/08/2005,6,6,47911,1
566,Maddox,Cruz,12/04/1965,M,23/08/1999,1,1,23216,0
567,Brandon,Nelson,10/10/1969,M,13/11/2002,6,17,39110,0
568,Cayden,Hill,27/11/1987,M,30/06/2022,8,6,36655,0
569,Eric,Cox,14/04/1966,M,17/10/2012,7,23,39136,0
570,Jake,Thompson,18/11/1991,M,03/01/2019,4,4,14503,0
571,Kaden,Garcia,02/08/1973,M,20/09/2014,2,10,18984,0
572,Brooke,Thomas,20/04/1994,F,27/04/2016,7,19,41102,1
573,Rebecca,Ortiz,18/12/1971,F,22/07/2017,6,2,41692,1
574,Lily,Rogers,12/08/1964,F,25/11/2015,5,16,22483,0
575,Sadie,Smith,02/03/1998,F,21/08/2015,3,8,26938,0
576,Hudson,Stewart,21/04/1990,M,10/07/2001,1,10,33456,0
577,Colin,Richardson,04/10/1987,M,08/10/2014,8,24,32365,0
578,Christian,Ramos,18/11/1998,M,24/02/2016,5,19,24489,0
579,Lauren,Green,04/05/1990,F,15/02/2007,1,21,14230,0
580,Brooklynn,Turner,10/12/1976,F,20/04/2003,6,21,37381,0
581,Jaden,Miller,23/11/1985,M,02/03/2023,8,15,40822,1
582,Harmony,Reyes,10/06/1991,F,23/10/2006,8,19,26040,0
583,Blake,Ramirez,30/12/1980,M,15/07/2003,6,23,41713,1
584,Robert,Hall,31/03/1979,M,27/03/2015,1,24,25455,0
585,Katelyn,Ortiz,13/01/1989,F,09/04/2000,1,6,26931,0
586,Nathaniel,Castillo,27/11/1995,M,15/05/2010,3,4,47850,1
587,Lydia,Long,03/09/1972,F,02/06/2009,2,13,22042,0
588,Damian,Lopez,14/01/1972,M,16/11/2004,6,11,48714,1
589,Brooklynn,Parker,15/08/1978,F,02/10/2004,1,12,48287,1
590,Hayden,Rodriguez,13/05/1963,F,27/02/2000,3,7,42593,1
591,Nicolas,Mendoza,05/01/1984,M,24/02/2019,8,14,44652,1
592,Carlos,Cox,29/08/1998,M,24/04/2007,4,6,16396,0
593,Camden,Mitchell,15/10/1991,M,01/05/2015,1,1,46244,1
594,Anthony,Adams,22/08/1965,M,05/08/2010,7,8,20325,0
595,Jake,Edwards,07/02/1979,M,21/10/2021,8,9,36884,0
596,Tucker,Gutierrez,13/03/1981,M,12/08/2014,6,5,13834,0
597,Savannah,Morgan,31/03/1970,F,27/10/2002,2,14,34786,0
598,Noah,Howard,08/08/1967,M,30/05/2005,3,11,31128,0
599,Lyla,Carter,13/10/1982,F,07/04/2011,3,3,33888,0
600,Jackson,Garcia,10/03/1963,M,20/07/2018,2,1,42787,1
601,Madeline,Moore,08/12/1960,F,22/09/2023,2,4,22783,0
602,Eva,Wright,11/06/1968,F,20/04/2018,4,1,36626,0
603,Joshua,Allen,19/08/1987,M,17/05/2002,4,5,49839,1
604,Mark,Turner,19/04/1984,M,04/11/2007,2,1,23023,0
605,John,Jackson,09/06/1981,M,22/07/2005,7,18,25499,0
606,Summer,Gonzales,15/07/1969,F,18/01/2014,4,16,46193,1
607,Alaina,Cox,31/01/1966,F,29/09/2016,1,14,24920,0
608,Caden,Collins,09/07/1994,M,15/07/2013,1,10,40258,1
609,Aria,Phillips,24/11/1997,F,12/11/2016,1,23,44097,1
610,Bryson,Hill,12/03/1987,M,21/02/2006,6,23,21212,0
611,Julianna,Morgan,26/03/1982,F,21/11/2006,3,21,29619,0
612,Vincent,Hall,16/02/1965,M,01/03/2018,3,6,17273,0
613,Adalynn,Parker,21/05/1961,F,07/06/2014,7,6,25049,0
614,Ryleigh,Ramirez,21/03/1995,F,17/05/2005,2,11,16839,0
615,Peyton,King,26/02/1968,F,25/05/2003,4,11,33273,0
616,Hannah,Stewart,02/12/1992,F,27/09/2021,2,11,34128,0
617,Jason,Williams,10/03/1998,M,03/10/2011,1,8,46307,1
618,Valentina,Ward,01/12/1973,F,18/09/2004,6,10,29623,0
619,Xavier,Brines,06/10/1993,M,16/11/2012,5,8,36944,0
620,Jaden,Lewis,02/07/1996,M,23/10/2010,7,21,13597,0
621,Alexandra,Torres,19/09/1961,F,16/03/1999,6,1,44047,1
622,Katelyn,Rivera,14/03/1997,F,06/02/2002,3,20,29561,0
623,Ezra,Reed,07/09/1992,M,24/11/2012,7,12,47061,1
624,William,Hall,30/07/1992,M,18/02/2006,1,4,43540,1
625,Jaden,Brines,11/11/1967,M,16/06/2012,8,14,16033,0
626,Sara,Robinson,16/12/1962,F,30/01/2004,2,15,42013,1
627,#REF!,Gomez,13/09/1966,,22/06/2000,5,14,17622,0
628,Bailey,Richardson,10/03/1994,F,17/05/2010,2,9,32477,0
629,Ian,Jimenez,01/04/1984,M,16/07/2017,1,1,46399,1
630,Elijah,Thomas,30/06/1981,M,17/12/2014,3,16,23053,0
631,Aubree,Cox,06/04/1996,F,19/09/2017,2,8,32257,0
632,Aubree,Reyes,25/11/1963,F,23/03/2023,3,6,23411,0
633,London,Davis,20/01/1984,F,03/03/2017,5,9,40615,1
634,Kylie,Parker,07/11/1987,F,22/11/2007,2,12,22392,0
635,Brianna,Ward,20/02/1992,F,01/08/2010,8,9,48809,1
636,Tristan,Garcia,04/08/1989,M,10/06/2019,8,6,20951,0
637,Chase,Nelson,30/03/1974,M,08/08/2010,3,10,36537,0
638,Gabriel,White,10/02/1986,M,23/10/2020,6,5,31200,0
639,Evelyn,Flores,09/05/1974,F,22/11/2006,1,24,12994,0
640,Naomi,Scott,10/10/1967,F,24/07/2007,6,8,23634,0
641,Carlos,Price,06/02/1967,M,25/02/2008,1,10,27919,0
642,Hannah,Edwards,06/09/1997,F,28/11/2004,2,16,23770,0
643,Max,Scott,31/01/1968,M,21/12/2015,7,16,19642,0
644,Benjamin,King,20/06/1989,M,13/09/2005,1,1,43434,1
645,Colin,Sanchez,20/01/1992,M,20/02/2014,3,1,38987,0
646,Silas,Martin,22/03/1973,M,03/12/2020,5,12,41676,1
647,Ayden,Jackson,28/01/1981,M,07/03/2023,7,16,38638,0
648,Lydia,Sanchez,11/02/1974,F,17/09/2004,5,7,39923,0
649,Molly,Morgan,28/04/1971,F,14/08/2007,7,17,13129,0
650,Camden,Mendoza,26/03/1971,M,23/01/2009,7,9,20115,0
651,Caleb,Williams,18/02/1992,M,17/01/2006,5,23,17336,0
652,Madelyn,Mendoza,16/04/1966,F,05/01/2005,1,17,45984,1
653,Preston,Thompson,25/11/1970,M,09/07/2006,6,15,41602,1
654,Lillian,Lewis,02/11/1960,F,26/12/2001,8,18,27551,0
655,Elise,Smith,16/01/1962,F,14/06/2016,4,18,22834,0
656,Alyssa,Howard,02/01/1984,F,07/02/2016,4,5,36430,0
657,London,Campbell,23/10/1969,F,14/02/2014,8,3,49018,1
658,Makenzie,Morales,18/04/1995,F,26/10/2004,2,3,44528,1
659,Jeremiah,Diaz,01/06/1973,M,16/06/2017,4,23,24165,0
660,Catherine,Nelson,06/04/1962,F,03/09/2012,6,21,29276,0
661,Kai,Moore,12/11/1963,M,18/11/2017,1,5,32858,0
662,Easton,Bailey,06/04/1976,M,23/05/2013,6,20,19754,0
663,Laila,Rogers,12/12/1972,F,02/09/2020,2,12,28757,0
664,Miguel,Reyes,11/11/1966,M,13/09/2014,3,14,30503,0
665,Isaiah,Reyes,02/10/1994,M,24/04/2005,4,8,44990,1
666,Lincoln,Ortiz,01/12/1990,M,04/06/2010,4,8,39045,0
667,Alice,Murphy,27/10/1961,F,22/04/1999,4,5,48515,1
668,Ariel,Ross,15/12/1971,F,09/10/2014,1,6,37427,0
669,Addison,Thomas,22/03/1969,F,02/08/2011,7,11,44120,1
670,Mila,Sanchez,21/09/1981,F,10/08/2010,6,9,16857,0
671,Austin,Jimenez,17/05/1990,M,21/04/2002,4,6,15301,0
672,Emily,Campbell,02/12/1972,F,12/08/2020,6,11,16006,0
673,Chase,Myers,23/09/1992,M,13/07/2016,2,13,45913,1
674,Luis,Gonzales,22/10/1968,M,02/04/2022,8,6,28970,0
675,Leah,Evans,20/05/1973,F,21/12/2022,1,21,40493,1
676,Oscar,Alvarez,18/02/1965,M,06/06/2022,3,19,14999,0
677,Cole,Green,10/07/1983,M,08/03/2015,7,13,15759,0
678,Emilia,Perez,02/10/1972,F,21/01/1999,8,1,38583,0
679,Jack,Evans,24/07/1964,M,27/08/2014,7,5,47205,1
680,Olivia,Rivera,04/07/1975,F,19/07/2023,5,6,15228,0
681,Morgan,Ward,24/07/1970,F,31/10/2013,6,1,27028,0
682,Rachel,Brown,13/10/1974,F,11/11/2006,7,5,22472,0
683,Landon,Johnson,29/04/1965,M,26/05/2003,3,11,28935,0
684,Mackenzie,Richardson,30/12/1984,F,27/05/2000,8,20,13861,0
685,#REF!,Wood,21/03/1971,,02/10/2001,7,22,14707,0
686,Claire,Castillo,11/06/1975,F,08/11/1999,3,9,27504,0
687,Joel,White,14/01/1973,M,28/11/2014,7,19,34757,0
688,Ava,Reyes,21/01/1991,F,23/04/2018,3,16,43731,1
689,Emery,Sanders,31/05/1983,F,21/03/2018,7,24,40405,1
690,Emilia,Morgan,19/04/1997,F,07/08/2013,1,5,28413,0
691,Jackson,Rivera,11/07/1968,M,13/07/2004,7,8,49017,1
692,Jesus,Nguyen,14/03/1979,M,12/08/2013,1,3,31107,0
693,Julian,Gray,04/08/1960,M,17/09/1999,7,13,12757,0
694,Nevaeh,Morales,05/05/1963,F,02/07/2000,8,3,45501,1
695,Isabella,Baker,01/11/1966,F,05/11/2012,4,24,25196,0
696,Vivian,Long,05/04/1987,F,30/09/2016,5,12,35179,0
697,Jaxon,Edwards,06/02/1997,M,06/07/2002,1,10,33531,0
698,Connor,Davis,06/06/1977,M,08/06/1999,8,19,41650,1
699,Giovanni,Ramos,17/12/1973,M,13/02/2006,6,22,25097,0
700,Mila,Thomas,02/05/1982,F,22/01/2014,7,4,40155,1
701,Ashley,Diaz,23/10/1992,F,10/06/2013,5,24,45316,1
702,Jameson,Gutierrez,09/02/1973,M,19/02/2010,7,23,29973,0
703,Giovanni,Kim,20/07/1992,M,30/07/2018,1,22,19572,0
704,Tyler,Gray,15/05/1997,M,10/12/2005,2,4,20533,0
705,Mariah,Ward,12/05/1994,F,27/02/2010,6,1,38060,0
706,Ryder,James,04/03/1979,M,05/06/2005,6,13,13529,0
707,Alejandro,Reed,22/10/1972,M,24/10/2007,3,21,28825,0
708,Kendall,Garcia,11/09/1975,F,10/11/2007,6,11,48396,1
709,Everly,Lee,11/05/1963,F,02/09/2019,8,24,45632,1
710,Gabriella,Chavez,18/10/1968,F,28/08/2013,5,20,21337,0
711,Eleanor,Robinson,02/02/1967,F,30/06/2008,6,5,27052,0
712,Faith,Walker,07/08/1969,F,06/09/2015,4,8,19668,0
713,Avery,Harris,20/03/1996,M,06/10/2006,6,20,21537,0
714,Carlos,Wood,28/11/1967,M,08/08/2010,7,18,34570,0
715,Chloe,Lopez,26/12/1964,F,17/06/2003,5,10,41212,1
716,Valentina,Cruz,10/12/1981,F,11/04/2020,2,6,18210,0
717,Ezra,Baker,02/01/1993,M,02/04/2011,8,12,20025,0
718,Sara,Sanders,19/09/1965,F,25/11/2005,8,4,26618,0
719,Juan,Lee,14/06/1964,M,14/07/2003,1,17,48598,1
720,Kyle,Morgan,01/04/1984,M,19/05/2019,7,17,15310,0
721,Austin,Martinez,30/08/1972,M,15/12/2020,6,22,40672,1
722,Sarah,Perez,03/02/1975,F,26/03/2020,5,20,17136,0
723,Margaret,Peterson,27/12/1965,F,18/02/2012,5,3,38622,0
724,Abel,Young,15/10/1994,M,12/09/2018,3,24,41316,1
725,Mariah,Miller,27/10/1995,F,12/07/2013,8,11,37888,0
726,Rachel,Brown,16/10/1966,F,30/01/2019,7,8,27821,0
727,Andrea,Rogers,19/05/1995,F,12/07/2001,6,13,18443,0
728,Ruby,Martinez,29/06/1967,F,15/02/2005,4,16,33100,0
729,Jack,Clark,07/10/1995,M,16/04/1999,3,23,25051,0
730,Nicole,Baker,06/07/1973,F,03/07/2011,8,9,41858,1
731,Sadie,Cruz,02/11/1966,F,28/07/2002,6,24,44878,1
732,Nathaniel,Evans,01/04/1980,M,19/01/2005,8,21,21081,0
733,Benjamin,Bennet,07/10/1975,M,14/01/2023,7,18,34313,0
734,Abigail,Gray,25/09/1983,F,23/05/2021,7,14,16679,0
735,Giovanni,Ward,20/07/1968,M,15/04/2015,3,12,43882,1
736,Jade,Gray,08/07/1979,F,17/08/2002,7,6,43175,1
737,Greyson,Ramos,26/12/1966,M,16/12/2005,5,8,42036,1
738,Zoey,Gonzales,13/03/1983,F,20/03/2009,3,8,12931,0
739,Lucas,Gutierrez,10/10/1985,M,15/03/2011,7,24,18334,0
740,Lauren,Morales,26/12/1993,F,09/11/2020,7,17,18419,0
741,Kaleb,Cruz,19/08/1984,M,12/08/2023,4,14,16034,0
742,Gabrielle,Robinson,06/11/1978,F,25/12/2003,5,17,29888,0
743,Stella,Thomas,02/09/1990,F,08/06/2014,4,19,22617,0
744,Nathaniel,Price,17/02/1975,M,08/11/2015,8,13,15242,0
745,Evelyn,Watson,27/05/1993,F,14/07/2017,5,15,19050,0
746,Eliza,Martin,03/07/1962,F,10/01/2017,3,2,27019,0
747,Zachary,Flores,08/10/1965,M,28/02/1999,7,14,12902,0
748,Sawyer,Chavez,17/07/1977,M,06/11/1999,2,12,26898,0
749,Michelle,Kim,21/04/1964,F,15/04/2007,1,18,35466,0
750,Jose,Jones,14/06/1977,M,04/06/2010,5,3,25328,0
751,Alan,Smith,16/03/1978,M,04/06/2001,4,15,14582,0
752,Aurora,Jones,27/03/1985,F,27/05/2014,6,4,12554,0
753,Ryleigh,Cooper,17/06/1969,F,13/07/2020,8,24,40826,1
754,Daniela,Mendoza,06/05/1961,F,31/12/1999,5,15,28507,0
755,Jaden,Sanchez,29/08/1980,M,21/12/2015,6,10,35320,0
756,Ashley,Adams,27/12/1969,F,19/06/2023,3,6,25611,0
757,Nicole,Diaz,10/04/1997,F,08/05/2011,6,1,45297,1
758,Daniela,Carter,14/04/1983,F,19/03/2007,5,12,28654,0
759,Lauren,Morales,02/12/1994,F,30/04/2012,6,10,33143,0
760,Rylee,Myers,24/07/1998,F,13/11/2015,4,13,49662,1
761,Cooper,Thompson,16/11/1997,M,22/07/2021,4,15,19896,0
762,Brandon,Davis,21/01/1964,M,08/09/2018,2,10,28847,0
763,Willow,Lee,01/04/1984,F,23/03/2010,4,3,35860,0
764,Leo,Cooper,19/10/1995,M,03/05/2023,4,20,39393,0
765,Jonathan,White,15/09/1984,M,15/09/2008,7,15,42974,1
766,Bailey,Morris,27/09/1962,F,02/04/2009,2,9,23526,0
767,Melody,Lopez,01/10/1968,F,21/06/2009,8,2,43335,1
768,Cayden,Kelly,03/10/1970,M,04/08/2023,2,12,19550,0
769,Aidan,Ramirez,04/05/1966,M,21/10/2013,1,1,28070,0
770,Lily,Cooper,05/12/1990,F,19/03/2010,8,24,15510,0
771,Eric,Anderson,18/05/1979,M,13/10/2019,6,14,22862,0
772,Richard,Foster,08/12/1980,M,15/05/2012,2,24,31831,0
773,Elise,Torres,18/04/1985,F,06/10/2000,2,18,21033,0
774,Paisley,Long,29/05/1972,F,13/06/2010,1,24,34294,0
775,Taylor,Taylor,22/07/1961,F,11/04/2023,2,12,47711,1
776,Adam,Perez,05/02/1979,M,01/08/2004,6,24,27154,0
777,Liliana,Williams,10/01/1961,F,25/10/2004,6,1,20456,0
778,Rose,Taylor,06/06/1984,F,21/08/2017,7,18,32424,0
779,Malachi,Hughes,16/10/1993,M,23/06/2015,4,1,31225,0
780,Jonah,Lewis,10/03/1987,M,24/02/2001,2,9,44399,1
781,Caden,Price,26/12/1991,M,08/05/2011,3,17,28003,0
782,Ximena,Jones,23/04/1993,F,20/07/1999,5,11,48949,1
783,Jayce,Rivera,11/08/1970,M,19/09/2022,6,21,27182,0
784,Andrew,Rodriguez,23/02/1990,M,03/01/2010,1,15,48286,1
785,Sophia,Jones,23/02/1989,F,25/01/2010,2,10,34634,0
786,Angel,Castillo,09/04/1982,M,31/01/2000,3,17,49115,1
787,Molly,Reyes,16/01/1964,F,23/01/2018,7,3,15449,0
788,Mateo,Jones,13/06/1981,M,21/03/2007,2,15,18842,0
789,Marcus,White,20/06/1985,M,18/12/2001,3,13,24353,0
790,Ella,Cruz,15/02/1969,F,29/09/2017,7,18,48378,1
791,Owen,Foster,19/07/1975,M,08/01/2018,3,24,32092,0
792,Jack,Ruiz,30/08/1967,M,31/05/2002,8,12,15894,0
793,Lillian,Allen,30/07/1970,F,23/05/2016,6,7,32681,0
794,Jackson,Roberts,24/12/1993,M,23/08/2016,1,4,24124,0
795,Nora,Peterson,27/04/1965,F,05/09/2010,4,4,34651,0
796,Colton,Chavez,09/06/1965,M,03/08/2020,5,22,12839,0
797,Samuel,Bennet,06/11/1982,M,17/06/2019,8,22,26683,0
798,Bryan,Richardson,10/12/1963,M,29/04/2005,6,17,21240,0
799,Maddox,Wood,28/08/1971,M,19/05/2012,3,22,38586,0
800,Madelyn,Ward,10/09/1989,F,07/07/2005,3,15,15668,0
801,Emma,Watson,14/02/1994,F,29/07/2011,8,14,26014,0
802,Leo,Cooper,11/05/1994,M,11/09/2023,8,15,33970,0
803,Delilah,Bennet,09/10/1977,F,06/11/2013,6,2,38060,0
804,Grace,Hall,20/07/1978,F,17/01/2006,7,17,48823,1
805,Easton,Ross,24/01/1981,M,26/01/1999,8,19,18325,0
806,Allison,Rodriguez,24/07/1963,F,25/09/2015,5,7,23958,0
807,Graham,Kelly,26/08/1970,M,21/11/2014,1,16,41977,1
808,Jordan,Davis,18/09/1962,M,04/04/2000,6,19,39788,0
809,Sawyer,Hill,18/01/1962,M,17/03/2012,8,16,48403,1
810,Lillian,Torres,21/10/1970,F,05/06/2012,5,10,28409,0
811,Faith,Harris,25/01/1971,F,25/03/1999,5,13,28648,0
812,Brandon,Richardson,27/08/1968,M,02/01/2019,3,5,22085,0
813,Rylee,Allen,13/10/1969,F,14/06/2020,1,2,44790,1
814,Kaden,Howard,28/06/1970,M,18/03/2017,7,6,32436,0
815,Bryce,Wood,20/02/1995,M,14/07/2002,2,16,19639,0
816,Amir,Foster,30/07/1982,M,09/12/2021,4,15,13657,0
817,Amy,Peterson,13/01/1972,F,26/08/2020,4,1,34765,0
818,Benjamin,Ortiz,04/11/1974,M,14/07/2001,2,21,32270,0
819,Mya,King,14/02/1963,F,21/09/2007,4,19,21609,0
820,Valerie,Thomas,20/04/1975,F,29/08/2016,7,13,17829,0
821,David,Howard,08/11/1989,M,26/02/2012,4,23,35056,0
822,Zachary,Morales,14/02/1998,M,06/02/2008,1,8,49922,1
823,Makayla,Watson,01/05/1971,F,01/07/2006,3,21,27664,0
824,Paisley,Martin,06/08/1970,F,16/04/2016,3,23,31893,0
825,Kaleb,Morales,02/10/1987,M,11/01/2006,1,8,43711,1
826,Michelle,Evans,28/11/1969,F,05/08/2008,5,3,48004,1
827,Isaiah,Watson,16/05/1969,M,10/09/2020,2,16,34075,0
828,Mila,Green,04/08/1994,F,18/07/2003,3,1,40730,1
829,Colton,Gray,23/12/1994,M,21/07/2020,2,7,45501,1
830,Easton,Evans,24/08/1980,M,17/04/2003,6,16,21226,0
831,Caleb,Nguyen,03/09/1991,M,16/07/2021,7,19,38941,0
832,Joshua,Bailey,14/04/1970,M,21/08/2001,7,9,49435,1
833,Chloe,Lee,12/06/1963,F,26/04/2016,5,7,24114,0
834,Elijah,Ramos,07/06/1987,M,27/09/2004,8,12,33875,0
835,Tyler,Hall,09/01/1973,M,25/11/2011,4,8,19582,0
836,Alana,Stewart,17/07/1995,F,16/06/2010,1,1,22029,0
837,Lucy,Baker,10/04/1964,F,05/10/2011,3,2,18736,0
838,Gabriella,Brines,09/11/1972,F,25/10/2015,3,2,44587,1
839,Carlos,Taylor,20/09/1963,M,15/01/2001,7,21,14575,0
840,Alyssa,Jackson,12/01/1993,F,14/10/2007,5,5,43967,1
841,Ethan,Williams,01/01/1979,M,22/10/2019,4,4,24831,0
842,Mary,Kim,13/08/1968,F,10/06/2018,4,6,28136,0
843,Serenity,Taylor,09/09/1970,F,06/05/2020,8,19,21322,0
844,Caroline,Jimenez,12/02/1965,F,11/09/2015,7,11,24560,0
845,Wesley,Williams,22/01/1996,M,05/07/2014,7,12,19263,0
846,Giovanni,Rivera,24/12/1975,M,28/09/2021,5,2,19907,0
847,Henry,Ross,19/03/1964,M,24/03/2008,5,6,30026,0
848,Alexander,Sanders,12/09/1964,M,05/09/2019,3,6,34875,0
849,Kaiden,Johnson,24/12/1962,M,12/03/2014,5,2,27672,0
850,Adalyn,Turner,14/04/1969,F,11/08/2002,4,1,12758,0
851,Jennifer,Castillo,08/02/1964,F,30/11/2007,1,5,38889,0
852,Lillian,Nelson,05/11/1981,F,24/08/2021,7,18,35733,0
853,Luke,Stewart,20/03/1961,M,07/10/2008,2,12,26307,0
854,Samuel,Smith,29/04/1963,M,19/11/2017,2,12,28590,0
855,Maya,James,29/06/1963,F,30/09/2017,1,7,45200,1
856,Madelyn,Rodriguez,22/07/1984,F,07/12/2016,2,24,28245,0
857,Alexander,Wilson,16/12/1970,M,28/07/2020,2,12,39275,0
858,Dominic,Chavez,08/01/1984,M,19/01/2006,1,19,31569,0
859,Ruby,Kim,08/04/1971,F,07/07/2011,6,1,42001,1
860,Diego,Brines,16/11/1969,M,25/10/1999,8,22,17520,0
861,Chloe,Young,15/12/1976,F,16/06/2015,2,6,23898,0
862,Jace,Harris,30/03/1967,M,24/09/2002,3,6,36786,0
863,Adalyn,Long,26/11/1960,F,26/09/2017,6,16,26181,0
864,Adam,Hughes,02/07/1984,M,19/06/2018,7,14,19468,0
865,Josephine,Mitchell,15/03/1993,F,08/03/2021,2,8,33474,0
866,Robert,Gonzales,05/11/1993,M,21/03/2022,2,8,41649,1
867,Rose,Alvarez,14/08/1974,F,13/08/2000,3,18,32288,0
868,Miles,Price,22/05/1969,M,28/05/2008,4,5,12614,0
869,Isabella,Roberts,20/04/1991,F,16/09/2004,7,21,12331,0
870,Hayden,Adams,05/12/1977,M,27/11/2001,7,7,36985,0
871,Daisy,Patel,04/07/1965,F,14/09/2001,7,9,21697,0
872,Peyton,Johnson,08/12/1966,F,04/10/2006,1,7,17524,0
873,Jaxson,Wilson,05/10/1964,M,27/01/2019,5,23,36426,0
874,Evan,Jimenez,19/12/1962,M,22/10/2015,6,5,15921,0
875,Caroline,Taylor,01/08/1992,F,26/06/2017,7,19,45919,1
876,Serenity,Jones,16/10/1970,F,05/03/2008,4,16,33236,0
877,Alice,Torres,02/08/1969,F,06/09/2023,2,16,24002,0
878,Nathan,Castillo,24/10/1978,M,28/05/2011,6,19,44542,1
879,Caden,Campbell,16/03/1965,M,13/02/2013,2,24,25158,0
880,Eli,Turner,19/07/1979,M,28/04/2023,4,23,39360,0
881,Summer,Price,19/07/1981,F,27/03/2001,4,12,25456,0
882,Aaron,Wood,24/01/1982,M,11/08/2012,1,4,21077,0
883,Rylee,Rodriguez,17/09/1973,F,15/12/2002,2,13,48637,1
884,Adeline,Cooper,16/03/1978,F,09/07/2009,6,20,20251,0
885,Addison,Miller,11/11/1977,F,21/04/2004,3,3,35199,0
886,Miles,Cruz,07/05/1993,M,08/11/2000,3,17,49542,1
887,Tucker,Ramirez,23/10/1962,M,19/01/2001,5,4,18668,0
888,Emmett,Rodriguez,09/03/1981,M,02/01/2018,6,6,27782,0
889,Mason,Nelson,22/01/1963,M,14/02/2009,4,24,19685,0
890,Daisy,Rodriguez,19/02/1964,F,29/06/2004,8,5,29705,0
891,Lydia,Davis,24/07/1960,F,19/04/2012,8,16,27847,0
892,Joel,Rogers,03/02/1961,M,15/04/2015,4,19,24275,0
893,Arianna,Carter,05/01/1961,F,15/11/2018,5,9,24002,0
894,Gianna,Martinez,23/12/1968,F,28/09/2022,6,1,17106,0
895,Nathan,Reyes,12/06/1995,M,06/09/2007,3,16,37553,0
896,Angelina,Green,04/04/1976,F,06/11/2000,1,5,40340,1
897,Ashley,Sanchez,30/05/1994,F,23/12/2008,4,24,29466,0
898,Maverick,Gonzales,16/01/1997,M,04/03/2004,1,20,24837,0
899,Hazel,Nguyen,19/02/1961,F,13/07/2018,6,11,15559,0
900,Bentley,Reyes,17/11/1992,M,21/11/2014,1,19,48212,1
901,Ezra,Nelson,10/12/1962,M,20/05/2010,6,1,20953,0
902,Jaden,Clark,23/07/1960,M,26/03/2019,7,21,31554,0
903,Everly,Hall,25/08/1994,F,07/04/2002,6,9,26241,0
904,Everly,Watson,16/04/1997,F,25/10/2003,2,16,16056,0
905,Jonah,Mendoza,28/04/1975,M,15/06/2016,4,1,40941,1
906,Emma,Morales,31/12/1961,F,12/02/2017,3,19,15608,0
907,Calvin,Ross,10/10/1972,M,15/12/2007,3,7,21032,0
908,Adrian,Rogers,29/04/1990,M,13/11/2014,2,13,29664,0
909,Makenzie,Phillips,11/07/1970,F,22/12/2020,2,12,49328,1
910,Joshua,Smith,27/01/1983,M,15/08/2006,7,4,13842,0
911,Mila,Kim,16/11/1988,F,02/04/2019,1,16,33185,0
912,Micah,Collins,18/07/1976,M,01/06/2008,1,3,42452,1
913,Destiny,Morgan,20/02/1998,F,12/02/2008,7,10,45053,1
914,Lyla,Johnson,03/05/1963,F,27/11/1999,1,1,23601,0
915,Carson,Young,06/02/1979,M,21/09/2006,1,21,24046,0
916,Nathan,Nguyen,27/01/1987,M,06/02/2009,2,14,45903,1
917,Vincent,Perez,03/11/1975,M,18/11/2023,7,8,18192,0
918,Lincoln,Price,20/07/1995,M,28/11/2001,3,16,27426,0
919,Dominic,Moore,09/12/1973,M,15/11/2005,2,1,25449,0
920,Brooklyn,Phillips,05/04/1973,F,08/03/2000,7,16,15221,0
921,Eliza,Allen,04/11/1982,F,27/05/2001,3,4,12461,0
922,Lila,Thompson,01/11/1971,F,04/07/2011,7,17,41272,1
923,Isaac,Perez,10/01/1967,M,06/10/2021,8,12,42507,1
924,Carter,Turner,17/06/1995,M,21/05/2018,4,24,26771,0
925,Zoe,Cooper,17/07/1962,F,13/10/2006,3,10,45850,1
926,Evan,Edwards,09/09/1988,M,02/09/2000,7,12,20595,0
927,Michael,Brown,30/10/1975,M,16/12/2003,4,15,44605,1
928,Justin,Perez,14/04/1997,M,15/08/2021,4,6,23039,0
929,Ayden,Perez,29/09/1997,M,30/10/2020,6,8,32842,0
930,Ximena,Collins,10/01/1985,F,14/06/2008,6,24,33709,0
931,Caleb,Mendoza,21/12/1965,M,08/05/1999,8,7,22184,0
932,Ashton,Foster,04/12/1982,M,09/05/2003,6,2,17251,0
933,Malachi,Smith,19/07/1962,M,25/09/2023,4,18,26014,0
934,Leonardo,Murphy,17/08/1970,M,27/11/2020,4,10,22654,0
935,Cayden,Gray,21/01/1984,M,03/03/2000,7,21,22202,0
936,Anna,Jackson,29/03/1977,F,22/03/2020,3,7,15286,0
937,Stephanie,Sanchez,05/02/1987,F,21/09/2020,4,17,16661,0
938,Brantley,Reyes,24/12/1973,M,03/11/2014,2,8,21650,0
939,James,Morgan,17/03/1981,M,07/03/2002,7,15,14241,0
940,Audrey,Perez,21/09/1974,F,07/06/1999,6,14,36789,0
941,Bailey,Thompson,03/04/1960,F,27/06/2008,7,4,41956,1
942,Declan,Cox,12/11/1971,M,26/11/2023,3,6,18713,0
943,Joshua,Gray,03/04/1993,M,08/02/2019,6,20,14150,0
944,Joshua,Lee,31/10/1989,M,30/11/2019,6,1,42208,1
945,Valerie,King,15/04/1972,F,12/10/2016,7,12,20914,0
946,Jennifer,Stewart,22/07/1973,F,30/08/2004,4,15,30860,0
947,Maximus,Kelly,28/04/1974,M,16/11/2005,7,1,17525,0
948,Blake,Campbell,02/09/1967,M,25/11/2008,4,24,33336,0
949,Brady,Hughes,26/02/1962,M,08/02/2007,3,5,13851,0
950,Ivy,Smith,12/04/1990,F,20/07/2018,7,12,38596,0
951,Hannah,Ward,13/08/1970,F,24/01/2014,2,20,35983,0
952,Paige,Bailey,25/08/1983,F,15/02/2023,3,18,43530,1
953,Jennifer,Price,11/04/1995,F,16/10/2009,4,2,49349,1
954,Thomas,Price,07/01/1994,M,07/09/2005,3,18,35679,0
955,Brielle,Nelson,04/07/1978,F,23/03/2023,3,6,44286,1
956,Richard,Clark,18/09/1985,M,28/02/2009,1,22,44265,1
957,Brantley,Bailey,27/01/1961,M,06/06/2008,8,11,46852,1
958,Sofia,Foster,07/08/1975,F,12/06/2004,7,6,36507,0
959,Nevaeh,Garcia,11/11/1967,F,14/04/2014,8,4,28951,0
960,Amir,Cox,19/08/1986,M,31/03/2007,4,7,45475,1
961,Brody,Morales,17/06/1998,M,15/02/2000,3,14,42431,1
962,Serenity,Chavez,16/09/1978,F,01/10/2019,8,22,45341,1
963,Avery,Parker,10/10/1992,F,20/10/2003,2,19,17534,0
964,Nolan,Thomas,03/05/1993,M,16/07/2014,6,9,24308,0
965,Sara,Kim,03/06/1998,F,25/06/2019,2,13,33754,0
966,Blake,Hall,08/10/1982,M,06/11/2019,3,6,31144,0
967,Adalyn,Thomas,12/07/1973,F,30/06/2021,2,19,26494,0
968,London,Long,14/05/1962,F,06/06/2017,8,9,43758,1
969,Reese,Collins,23/03/1991,F,14/05/2010,4,10,17306,0
970,Lillian,Jones,07/07/1978,F,17/12/2015,8,23,47717,1
971,Alexander,Watson,15/02/1997,M,24/02/2004,3,10,33367,0
972,Santiago,Young,08/10/1978,M,26/01/2008,5,14,20191,0
973,Ryder,Roberts,26/04/1973,M,03/08/2012,1,9,39296,0
974,Maria,Torres,10/10/1986,F,19/04/2003,4,14,13082,0
975,Kayden,Allen,04/05/1992,M,31/05/2006,2,16,20600,0
976,Gavin,Miller,05/01/1971,M,13/03/2014,3,11,18348,0
977,Makenzie,Phillips,20/09/1980,F,30/06/2006,8,14,47985,1
978,Miles,Rodriguez,03/01/1974,M,15/02/2006,6,15,32630,0
979,Jonathan,Flores,05/02/1981,M,25/10/1999,7,24,17610,0
980,Emilia,Collins,27/07/1992,F,22/01/2000,6,15,48362,1
981,Joshua,Cooper,09/03/1992,M,01/04/2023,2,23,29708,0
982,John,Brown,09/04/1996,M,26/02/2019,8,7,29368,0
983,Sawyer,Nelson,22/08/1994,M,18/07/2002,6,23,22943,0
984,Tucker,Long,06/04/1986,M,26/03/2000,5,21,27930,0
985,Paul,Chavez,06/10/1974,M,06/07/2009,4,19,44455,1
986,Ariel,Myers,03/04/1979,F,28/08/2007,7,21,22148,0
987,Joel,Gutierrez,05/03/1970,M,03/09/2019,7,17,46246,1
988,Ivy,Hall,10/08/1996,F,25/07/2016,4,12,37610,0
989,Christian,Miller,02/04/1990,M,30/10/2009,7,23,47120,1
990,Ximena,Thomas,26/02/1986,F,19/12/2013,2,3,46727,1
991,Elizabeth,Lewis,06/04/1984,F,07/08/2005,3,22,44046,1
992,Lillian,Morris,14/12/1961,F,13/04/2018,4,5,41593,1
993,Tristan,Wright,02/09/1987,M,09/03/2022,3,8,29009,0
994,Samantha,Kim,03/06/1966,F,13/07/2000,2,2,36978,0
995,Sean,Kelly,31/10/1960,M,04/11/2015,5,1,23649,0
996,Steven,Castillo,16/07/1974,M,23/09/2017,2,18,44163,1
997,Adalyn,Turner,25/07/1992,F,17/09/2022,8,13,20983,0
998,Joel,Morales,17/09/1972,M,23/06/2000,6,19,20822,0
999,Vanessa,Hall,25/10/1971,F,23/10/2011,1,16,40834,1
1000,Julianna,Adams,23/10/1981,F,26/10/2003,8,24,44816,1
